organisation,Users per Org
"",3
AdEPT,3
AdEPT Education,1
AdEPT Technology Group,2
"BDUK, Deprtment for Digital, Culture, Media and Sport",1
Cisco,8
Cisco ,1
Crown Commercial Service,3
Daisy Corporate Services,7
Daisy Group,1
"Department for Digital, Culture, Media and Sport",1
Director,1
Director at Innopsis,1
Exponential-e,14
Fordway,7
Fortinet,1
FourNet,4
GDS (Government Digital Service),1
Glemnet,7
hso,1
hSo,1
Innopsis,2
Jisc,4
Juniper Networks,6
Kent Public Service Network,1
Maintel,6
MLL Telecom,8
NFON,2
NHS Digital,2
Public Sector Connect,4
Public Sector Connect Ltd,1
Solarwinds,5
Switchshop,6
TNP,7
TVCC,1
Virgin Media Business,6
Xitagy,1
