User Recevied Messages,Count of message,First name,Last name,Organisation
14155,8,Thalia,Puckhaber,NHS Digital
14191,8,Desmond,Siemon,Virgin Media Business
14611,8,Mayra,Hassing,CSH Surrey
14643,8,Jeri,Fenderson,Department of Health & Social Care
14679,8,Tammy,Pritchard,DfT
14955,8,Jena,Seacat,Jisc
14991,8,Ulysses,Adib,Kent Public Service Network
14999,8,Isabel,Daves,Kirklees Council
15003,8,Bryanna,Pengelly,Kirklees Council
15055,8,Ryann,Tringham,London Ambulance Service
15143,8,Trinidad,Maisenbacher,Mid and South Essex NHS Foundation Trust
15239,8,Katelyn,Mayhan,NHS Digital
15243,8,Sudie,Barkenhagen,NHS Digital
15255,8,Jaymie,Sproule,NHS England & NHS Improvement
15371,8,Raylene,Rundell,Provide CIC (Health care community service provider)
15375,16,Ira,Kluver,PSC
15379,8,Janean,Ayers,Public Sector Connect
15407,8,Mitsue,Myer,Sanctuary Housing Association
15443,8,Rachael,Nalbach,Southend Borough Council
15519,8,Sylvie,Klapperich,Tower Hamlets CCG
15603,8,Enedina,Branscom,Cornwall Council
