User Sent Messages ,Count of message_from,First name,Last name,Organisation
13971,8,Miesha,Gilham,Virgin MB
14767,8,Kendall,Carpente,Essex County Council
14783,8,Deonna,Jinwright,FourNet Technologies Ltd
14999,8,Isabel,Daves,Kirklees Council
15003,8,Bryanna,Pengelly,Kirklees Council
15239,8,Katelyn,Mayhan,NHS Digital
15375,8,Ira,Kluver,PSC
15683,8,Enola,Ariail,KPSN
14955,16,Jena,Seacat,Jisc
15379,16,Janean,Ayers,Public Sector Connect
14963,40,Maricela,Pflugradt,Jisc
15639,40,Chung,Pelliccia,Juniper Networks
